id,name,username,email,address,phone,website,company
1,Leanne Graham,Bret,Sincere@april.biz,"{
      ""street"": ""Kulas Light"",
      ""suite"": ""Apt. 556"",
      ""city"": ""Gwenborough"",
      ""zipcode"": ""92998-3874"",
      ""geo"": {
        ""lat"": ""-37.3159"",
        ""lng"": ""81.1496""
      }
    }",1-770-736-8031 x56442,hildegard.org,"{
      ""name"": ""Romaguera-Crona"",
      ""catchPhrase"": ""Multi-layered client-server neural-net"",
      ""bs"": ""harness real-time e-markets""
    }"
2,Ervin Howell,Antonette,Shanna@melissa.tv,"{
      ""street"": ""Victor Plains"",
      ""suite"": ""Suite 879"",
      ""city"": ""Wisokyburgh"",
      ""zipcode"": ""90566-7771"",
      ""geo"": {
        ""lat"": ""-43.9509"",
        ""lng"": ""-34.4618""
      }
    }",010-692-6593 x09125,anastasia.net,"{
      ""name"": ""Deckow-Crist"",
      ""catchPhrase"": ""Proactive didactic contingency"",
      ""bs"": ""synergize scalable supply-chains""
    }"
3,Clementine Bauch,Samantha,Nathan@yesenia.net,"{
      ""street"": ""Douglas Extension"",
      ""suite"": ""Suite 847"",
      ""city"": ""McKenziehaven"",
      ""zipcode"": ""59590-4157"",
      ""geo"": {
        ""lat"": ""-68.6102"",
        ""lng"": ""-47.0653""
      }
    }",1-463-123-4447,ramiro.info,"{
      ""name"": ""Romaguera-Jacobson"",
      ""catchPhrase"": ""Face to face bifurcated interface"",
      ""bs"": ""e-enable strategic applications""
    }"
4,Patricia Lebsack,Karianne,Julianne.OConner@kory.org,"{
      ""street"": ""Hoeger Mall"",
      ""suite"": ""Apt. 692"",
      ""city"": ""South Elvis"",
      ""zipcode"": ""53919-4257"",
      ""geo"": {
        ""lat"": ""29.4572"",
        ""lng"": ""-164.2990""
      }
    }",493-170-9623 x156,kale.biz,"{
      ""name"": ""Robel-Corkery"",
      ""catchPhrase"": ""Multi-tiered zero tolerance productivity"",
      ""bs"": ""transition cutting-edge web services""
    }"
5,Chelsey Dietrich,Kamren,Lucio_Hettinger@annie.ca,"{
      ""street"": ""Skiles Walks"",
      ""suite"": ""Suite 351"",
      ""city"": ""Roscoeview"",
      ""zipcode"": ""33263"",
      ""geo"": {
        ""lat"": ""-31.8129"",
        ""lng"": ""62.5342""
      }
    }",(254)954-1289,demarco.info,"{
      ""name"": ""Keebler LLC"",
      ""catchPhrase"": ""User-centric fault-tolerant solution"",
      ""bs"": ""revolutionize end-to-end systems""
    }"
